model,scenario,auc,accuracy,sensitivity,specificity
Logistic Regression,No SMOTE No PCA,0.857,0.9517,0.0,1.0
Logistic Regression,SMOTE No PCA,0.8558,0.7487,0.7973,0.7462
Logistic Regression,No SMOTE PCA,0.8411,0.9517,0.0,1.0
Logistic Regression,SMOTE PCA,0.8561,0.7448,0.8108,0.7414
LDA,No SMOTE No PCA,0.8505,0.9478,0.0405,0.9938
LDA,SMOTE No PCA,0.8566,0.7324,0.8108,0.7284
LDA,No SMOTE PCA,0.8389,0.9445,0.0405,0.9904
LDA,SMOTE PCA,0.8533,0.7265,0.8108,0.7222
QDA,No SMOTE PCA,0.8314,0.4563,0.9459,0.4314
QDA,SMOTE PCA,0.838,0.4458,0.973,0.4191
Decision Tree,No SMOTE No PCA,0.8211,0.9413,0.0405,0.987
Decision Tree,SMOTE No PCA,0.7791,0.9021,0.3378,0.9307
Decision Tree,No SMOTE PCA,0.7493,0.9419,0.0946,0.9849
Decision Tree,SMOTE PCA,0.7738,0.8003,0.5405,0.8134
Random Forest,No SMOTE No PCA,0.8084,0.9517,0.0,1.0
Random Forest,SMOTE No PCA,0.8313,0.9452,0.1757,0.9842
Random Forest,No SMOTE PCA,0.7943,0.9478,0.0405,0.9938
Random Forest,SMOTE PCA,0.7899,0.9178,0.2703,0.9506
Bagging,No SMOTE No PCA,0.7836,0.9452,0.0541,0.9904
Bagging,SMOTE No PCA,0.789,0.9328,0.1486,0.9726
Bagging,No SMOTE PCA,0.7189,0.9465,0.0541,0.9918
Bagging,SMOTE PCA,0.7506,0.9008,0.2568,0.9335
Boosting,No SMOTE No PCA,0.8557,0.951,0.0,0.9993
Boosting,SMOTE No PCA,0.8456,0.951,0.0,0.9993
Boosting,No SMOTE PCA,0.8204,0.9497,0.0135,0.9973
Boosting,SMOTE PCA,0.837,0.7409,0.8108,0.7373
KNN,No SMOTE No PCA,0.7369,0.9517,0.0135,0.9993
KNN,SMOTE No PCA,0.771,0.7911,0.6216,0.7997
KNN,No SMOTE PCA,0.686,0.9497,0.0,0.9979
KNN,SMOTE PCA,0.7194,0.8584,0.3649,0.8834
